1790230111	4096
1790230116	937984
1790230121	10706944
1790230126	1351680
1790230131	4214784
1790230136	4214784
1790230141	4214784
1790230146	4214784
1790230151	4214784
1790230156	4214784
1790230161	4214784
1790230166	16601088
1790230171	16764928
1790230176	16785408
1790230181	16785408
1790230186	16785408
1790230191	16785408
1790230196	16785408
1790230201	16797696
1790230206	16797696
1790230211	16797696
1790230216	16797696
1790230221	16797696
1790230227	16805888
1790230232	16809984
1790230237	16809984
1790230242	16818176
1790230247	16818176
1790230252	16818176
1790230257	16818176
1790230262	16818176
1790230267	16818176
1790230272	16818176
1790230277	16818176
1790230282	16818176
1790230287	16818176
1790230292	16818176
1790230297	16826368
1790230302	16867328
1790230307	16883712
1790230312	16883712
1790230317	16904192
1790230322	16973824
1790230327	17199104
1790230332	17260544
1790230337	17522688
1790230342	17526784
1790230347	17526784
1790230352	17526784
1790230357	17526784
1790230362	17543168
1790230367	17543168
1790230372	17543168
1790230377	17543168
1790230382	17543168
1790230387	17555456
1790230392	17555456
1790230397	17555456
1790230402	17559552
1790230407	17559552
1790230412	17559552
1790230417	17559552
1790230422	17559552
1790230427	17559552
1790230432	17559552
1790230437	17559552
1790230442	17559552
1790230447	17559552
1790230452	17559552
1790230457	17567744
1790230462	17612800
1790230467	17637376
1790230472	17637376
1790230477	17653760
1790230482	17670144
1790230487	17670144
1790230492	17670144
1790230497	17678336
1790230502	17772544
1790230507	17907712
1790230512	17907712
1790230517	17907712
1790230522	17907712
1790230527	17907712
1790230532	17907712
1790230537	17911808
1790230542	17911808
1790230547	17911808
1790230552	17911808
1790230557	17911808
1790230562	17911808
1790230567	17911808
1790230572	17911808
1790230577	17911808
1790230582	17911808
1790230587	17911808
1790230592	17911808
1790230597	17911808
1790230602	17911808
1790230607	17911808
1790230612	17911808
1790230617	17911808
1790230622	17911808
1790230627	17911808
1790230632	17911808
1790230637	17911808
1790230642	17911808
1790230647	17911808
1790230652	17911808
1790230657	17911808
1790230662	17911808
1790230667	17911808
1790230672	17911808
1790230677	17911808
1790230682	17911808
1790230687	17911808
1790230692	17911808
1790230697	17911808
1790230702	17911808
1790230707	17911808
1790230712	17911808
1790230717	17911808
1790230722	17911808
1790230727	17911808
1790230732	17911808
1790230737	17911808
1790230742	17911808
1790230747	17911808
1790230752	17911808
1790230757	17911808
1790230762	17911808
1790230767	17911808
1790230772	17911808
1790230777	17911808
1790230782	17911808
1790230787	17911808
1790230792	17911808
1790230797	17911808
1790230802	17911808
1790230807	17911808
1790230812	17911808
1790230817	17911808
1790230822	17911808
1790230827	17911808
1790230832	17911808
1790230837	17911808
1790230842	17911808
1790230847	17911808
1790230852	17911808
1790230857	17911808
1790230862	17911808
1790230867	17911808
1790230872	17911808
1790230877	17911808
1790230882	17911808
1790230887	17911808
1790230893	17911808
1790230898	17911808
1790230903	17911808
1790230908	17911808
1790230913	17911808
1790230918	17911808
1790230923	17911808
1790230928	17911808
1790230933	17911808
1790230938	17911808
1790230943	17911808
1790230948	17911808
1790230953	17911808
1790230958	17911808
1790230963	17911808
1790230968	17911808
1790230973	17911808
1790230978	17911808
1790230983	17911808
1790230988	17911808
1790230993	17911808
1790230998	17911808
1790231003	17924096
1790231008	17924096
1790231013	17924096
1790231018	17924096
1790231023	17924096
1790231028	17924096
1790231033	17936384
1790231038	17936384
1790231043	17936384
1790231048	17936384
1790231053	17936384
1790231058	17940480
1790231063	17940480
1790231068	17940480
1790231073	17940480
1790231078	17940480
1790231083	17940480
1790231088	17940480
1790231093	17940480
1790231098	17940480
1790231103	17940480
1790231108	17940480
1790231113	17940480
1790231118	17948672
1790231123	17948672
1790231128	17948672
1790231133	17989632
1790231138	18006016
1790231143	18026496
1790231148	18026496
1790231153	18026496
1790231158	18026496
1790231163	18042880
1790231168	18141184
1790231173	18587648
1790231178	18608128
1790231183	18608128
1790231188	18608128
1790231193	18608128
1790231198	18608128
1790231203	18620416
1790231208	18620416
1790231213	18620416
1790231218	18620416
1790231223	18620416
1790231228	18632704
1790231233	18632704
1790231238	18632704
1790231243	18636800
1790231248	18636800
1790231253	18636800
1790231258	18636800
1790231263	18636800
1790231268	18636800
1790231273	18636800
1790231278	18636800
1790231283	18636800
1790231288	18636800
1790231293	18636800
1790231298	18644992
1790231303	18698240
1790231308	18702336
1790231313	18726912
1790231318	18751488
1790231323	18980864
1790231328	19021824
1790231333	19349504
1790231338	19349504
1790231343	19349504
1790231348	19349504
1790231353	19365888
1790231358	19365888
1790231363	19365888
1790231368	19365888
1790231373	19365888
1790231378	19374080
1790231383	19378176
1790231388	19378176
1790231393	19378176
1790231398	19382272
1790231403	19382272
1790231408	19382272
1790231413	19382272
1790231418	19382272
1790231423	19382272
1790231428	19382272
1790231433	19382272
1790231438	19382272
1790231443	19382272
1790231448	19390464
1790231453	19423232
1790231458	19443712
1790231463	19447808
1790231468	19447808
1790231473	19464192
1790231478	19480576
1790231483	19480576
1790231488	19480576
1790231493	19537920
1790231498	19722240
1790231503	19722240
1790231508	19722240
1790231513	19722240
1790231518	19722240
1790231523	19722240
1790231528	19726336
1790231533	19730432
1790231538	19730432
1790231543	19730432
1790231548	19730432
1790231553	19730432
1790231558	19730432
1790231563	19730432
1790231568	19730432
1790231573	19730432
1790231578	19730432
1790231583	19730432
1790231588	19730432
1790231593	19730432
1790231599	19730432
1790231604	19730432
1790231609	19730432
1790231614	19730432
1790231619	19730432
1790231624	19730432
1790231629	19730432
1790231634	19730432
1790231639	19730432
1790231644	19730432
1790231649	19730432
1790231654	19730432
1790231659	19730432
1790231664	19730432
1790231669	19730432
1790231674	19730432
1790231679	19730432
1790231684	19730432
1790231689	19730432
1790231694	19730432
1790231699	19730432
1790231704	19730432
1790231709	19730432
1790231714	19730432
1790231719	19730432
1790231724	19730432
1790231729	19730432
1790231734	19730432
1790231739	19730432
1790231744	19730432
1790231749	19730432
1790231754	19730432
1790231759	19730432
1790231764	19730432
1790231769	19730432
1790231774	19730432
1790231779	19730432
1790231784	19730432
1790231789	19730432
1790231794	19730432
1790231799	19730432
1790231804	19730432
1790231809	19730432
1790231814	19730432
1790231819	19730432
1790231824	19730432
1790231829	19730432
1790231834	19730432
1790231839	19730432
1790231844	19730432
1790231849	19730432
1790231854	19730432
1790231859	19730432
1790231864	19730432
1790231869	19730432
1790231874	19730432
1790231879	19730432
1790231884	19730432
1790231889	19730432
1790231894	19730432
1790231899	19730432
1790231904	19730432
1790231909	19730432
1790231914	19730432
1790231919	19730432
1790231924	19730432
1790231929	19730432
1790231934	19730432
1790231939	19730432
1790231944	19730432
1790231949	19730432
1790231954	19730432
1790231959	19730432
1790231964	19730432
1790231969	19730432
1790231974	19730432
1790231979	19730432
1790231984	19730432
1790231989	19730432
1790231994	19742720
1790231999	19742720
1790232004	19742720
1790232009	19742720
1790232014	19742720
1790232019	19742720
1790232024	19750912
1790232029	19755008
1790232034	19755008
1790232039	19755008
1790232044	19755008
1790232049	19759104
1790232054	19759104
1790232059	19759104
1790232064	19759104
1790232069	19759104
1790232074	19759104
1790232079	19759104
1790232084	19759104
1790232089	19759104
1790232094	19759104
1790232099	19759104
1790232104	19759104
1790232109	19767296
1790232114	19767296
1790232119	19767296
1790232124	19804160
1790232129	19824640
1790232134	19824640
1790232139	19845120
1790232144	19849216
1790232149	19849216
1790232154	19865600
1790232159	19918848
1790232164	20291584
1790232169	20422656
1790232174	20422656
1790232179	20422656
1790232184	20422656
1790232189	20422656
1790232194	20422656
1790232199	20434944
1790232204	20434944
1790232209	20434944
1790232214	20434944
1790232219	20434944
1790232224	20447232
1790232229	20447232
1790232234	20447232
1790232239	20451328
1790232244	20451328
1790232249	20451328
1790232254	20451328
1790232259	20451328
1790232264	20451328
1790232270	20451328
1790232275	20451328
1790232280	20451328
1790232285	20451328
1790232290	20451328
1790232295	20459520
1790232300	20512768
1790232305	20516864
1790232310	20537344
1790232315	20561920
1790232320	20791296
1790232325	20836352
1790232330	21159936
1790232335	21164032
1790232340	21164032
1790232345	21164032
1790232350	21164032
1790232355	21180416
1790232360	21180416
1790232365	21180416
1790232370	21180416
1790232375	21180416
1790232380	21192704
1790232385	21192704
1790232390	21192704
1790232395	21196800
1790232400	21196800
1790232405	21196800
1790232410	21196800
1790232415	21196800
1790232420	21196800
1790232425	21196800
1790232430	21196800
1790232435	21196800
1790232440	21196800
1790232445	21196800
1790232450	21204992
1790232455	21250048
1790232460	21262336
1790232465	21266432
1790232470	21282816
1790232475	21299200
1790232480	21299200
1790232485	21299200
1790232490	21307392
1790232495	21397504
1790232500	21540864
1790232505	21540864
1790232510	21540864
1790232515	21540864
1790232520	21540864
1790232525	21540864
1790232530	21540864
1790232535	21540864
1790232540	21540864
1790232545	21540864
1790232550	21540864
1790232555	21540864
1790232560	21540864
1790232565	21540864
1790232570	21540864
1790232575	21540864
1790232580	21540864
1790232585	21540864
1790232590	21540864
1790232595	21540864
1790232600	21540864
1790232605	21540864
1790232610	21540864
1790232615	21540864
1790232620	21540864
1790232625	21540864
1790232630	21540864
1790232635	21540864
1790232640	21540864
1790232645	21540864
1790232650	21540864
1790232655	21540864
1790232660	21540864
1790232665	21540864
1790232670	21540864
1790232675	21540864
1790232680	21540864
1790232685	21540864
1790232690	21540864
1790232695	21540864
1790232700	21540864
1790232705	21540864
1790232710	21540864
1790232715	21540864
1790232720	21540864
1790232725	21540864
1790232730	21540864
1790232735	21540864
1790232740	21540864
1790232745	21540864
1790232750	21540864
1790232755	21540864
1790232760	21540864
1790232765	21540864
1790232770	21540864
1790232775	21540864
1790232780	21540864
1790232785	21540864
1790232790	21540864
1790232795	21540864
1790232800	21540864
1790232805	21540864
1790232810	21540864
1790232815	21540864
1790232820	21540864
1790232825	21540864
1790232830	21540864
1790232835	21540864
1790232840	21540864
1790232845	21540864
1790232850	21540864
1790232855	21540864
1790232860	21540864
1790232865	21540864
1790232870	21540864
1790232875	21540864
1790232880	21540864
1790232885	21540864
1790232890	21540864
1790232895	21540864
1790232900	21540864
1790232905	21540864
1790232910	21540864
1790232915	21540864
1790232920	21540864
1790232925	21540864
1790232931	21540864
1790232936	21540864
1790232941	21540864
1790232946	21540864
1790232951	21540864
1790232956	21540864
1790232961	21553152
1790232966	21553152
1790232971	21553152
1790232976	21553152
1790232981	21553152
1790232986	21553152
1790232991	21553152
1790232996	21569536
1790233001	21569536
1790233006	21569536
1790233011	21569536
1790233016	21573632
1790233021	21573632
1790233026	21573632
1790233031	21573632
1790233036	21573632
1790233041	21573632
1790233046	21573632
1790233051	21573632
1790233056	21573632
1790233061	21573632
1790233066	21573632
1790233071	21573632
1790233076	21581824
1790233081	21581824
1790233086	21581824
1790233091	21622784
1790233096	21639168
1790233101	21659648
1790233106	21663744
1790233111	21663744
1790233116	21663744
1790233121	21680128
1790233126	21774336
