cell,experiment,skipped,skip_reason,exit_code,wrapper_wall_seconds,peak_host_out_tree_bytes,final_out_tree_bytes,tool_commit,memory_ceiling_requested,config,mode,sample_representation,info_representation,header_representation,rdf_storage_mode,hdt_strategy,representations,rdf_compression,artifact_compression,vcf_version_requested,spark_partitions,validation_engine,chunk_target_bytes,chunk_min_bytes,chunk_max_bytes,input,validate_requested,run_metrics_dir,output_triples,wall_seconds_java,user_seconds_java,sys_seconds_java,max_rss_kb_java,input_vcf_size_bytes,output_dir_size_bytes,exit_code_java,combined_rdf_size_bytes,metrics_rows,tool_status,triples_per_second,seconds_per_mtriple,triples_per_input_byte,peak_host_workspace_ratio,bytes_per_triple
defaults__16g,10_feasibility,False,,0,5476,3744403456,2336284672,20d2cbb6f5c7fd0408d88b910abf20c27df7f995,16g,defaults,full,,,,,,hdt,none,,,8,,,,,HG005_GRCh38_r1000000.vcf.gz,False,out/run_metrics/HG005_GRCh38_r1000000__20260917T233156,170935101,39.3,226.07,10.5,1606528,615637744,756594064,0,756594064,1,success,4349493.664122138,0.22991181898912616,0.27765533004747023,6.082153819340875,13.667670702695522
defaults__31g,10_feasibility,False,,0,5509,3744403456,2336284672,20d2cbb6f5c7fd0408d88b910abf20c27df7f995,31g,defaults,full,,,,,,hdt,none,,,8,,,,,HG005_GRCh38_r1000000.vcf.gz,False,out/run_metrics/HG005_GRCh38_r1000000__20260918T023202,170935101,41.66,245.41,10.01,1572972,615637744,756593586,0,756593586,1,success,4103098.9198271725,0.24371822847549607,0.27765533004747023,6.082153819340875,13.667670702695522
defaults__8g,10_feasibility,False,,0,5546,3744403456,2336284672,20d2cbb6f5c7fd0408d88b910abf20c27df7f995,8g,defaults,full,,,,,,hdt,none,,,8,,,,,HG005_GRCh38_r1000000.vcf.gz,False,out/run_metrics/HG005_GRCh38_r1000000__20260917T203057,170935101,41.33,243.57,10.12,1522052,615637744,756594064,0,756594064,1,success,4135860.1742075975,0.24178767121680875,0.27765533004747023,6.082153819340875,13.667670702695522
lowpeak_chunks__16g,10_feasibility,False,,0,3074,3744481280,2336600064,20d2cbb6f5c7fd0408d88b910abf20c27df7f995,16g,lowpeak_chunks,full,,,,space-optimized,partitioned,hdt,none,,,8,,134217728,67108864,268435456,HG005_GRCh38_r1000000.vcf.gz,False,out/run_metrics/HG005_GRCh38_r1000000__20260918T010312,170935101,39.76,231.16,10.12,1549396,615637744,756594360,0,756594360,1,success,4299172.560362173,0.23260289880426605,0.27765533004747023,6.08228023134332,13.669515800619559
lowpeak_chunks__31g,10_feasibility,False,,0,3081,3744481280,2336600064,20d2cbb6f5c7fd0408d88b910abf20c27df7f995,31g,lowpeak_chunks,full,,,,space-optimized,partitioned,hdt,none,,,8,,134217728,67108864,268435456,HG005_GRCh38_r1000000.vcf.gz,False,out/run_metrics/HG005_GRCh38_r1000000__20260918T040351,170935101,41.43,243.58,10.23,1740672,615637744,756594027,0,756594027,1,success,4125877.4076755974,0.24237268856792615,0.27765533004747023,6.08228023134332,13.669515800619559
lowpeak_chunks__8g,10_feasibility,False,,0,3046,3744481280,2336600064,20d2cbb6f5c7fd0408d88b910abf20c27df7f995,8g,lowpeak_chunks,full,,,,space-optimized,partitioned,hdt,none,,,8,,134217728,67108864,268435456,HG005_GRCh38_r1000000.vcf.gz,False,out/run_metrics/HG005_GRCh38_r1000000__20260917T220323,170935101,38.77,223.44,10.01,1848980,615637744,756593490,0,756593490,1,success,4408952.824348723,0.22681122702820414,0.27765533004747023,6.08228023134332,13.669515800619559
lowpeak_condensed__16g,10_feasibility,False,,0,2256,3057168384,1822822400,20d2cbb6f5c7fd0408d88b910abf20c27df7f995,16g,lowpeak_condensed,full,condensed,,,space-optimized,partitioned,hdt,none,,,8,,134217728,67108864,268435456,HG005_GRCh38_r1000000.vcf.gz,False,out/run_metrics/HG005_GRCh38_r1000000__20260918T015426,137852841,41.14,240.21,9.87,1378284,615637744,583015839,0,583015839,1,success,3350822.581429266,0.29843418315912695,0.22391876122527016,4.965855998588676,13.222958531554674
lowpeak_condensed__31g,10_feasibility,False,,0,2250,3057168384,1822822400,20d2cbb6f5c7fd0408d88b910abf20c27df7f995,31g,lowpeak_condensed,full,condensed,,,space-optimized,partitioned,hdt,none,,,8,,134217728,67108864,268435456,HG005_GRCh38_r1000000.vcf.gz,False,out/run_metrics/HG005_GRCh38_r1000000__20260918T045512,137852841,39.88,229.58,10.0,1366176,615637744,583016235,0,583016235,1,success,3456691.0982948844,0.28929400156504576,0.22391876122527016,4.965855998588676,13.222958531554674
lowpeak_condensed__8g,10_feasibility,False,,0,2266,3057168384,1822822400,20d2cbb6f5c7fd0408d88b910abf20c27df7f995,8g,lowpeak_condensed,full,condensed,,,space-optimized,partitioned,hdt,none,,,8,,134217728,67108864,268435456,HG005_GRCh38_r1000000.vcf.gz,False,out/run_metrics/HG005_GRCh38_r1000000__20260917T225410,137852841,39.25,225.69,10.23,1553700,615637744,583016010,0,583016010,1,success,3512174.2929936307,0.28472391076800513,0.22391876122527016,4.965855998588676,13.222958531554674
