cell,experiment,skipped,skip_reason,exit_code,wrapper_wall_seconds,peak_host_out_tree_bytes,final_out_tree_bytes,tool_commit,memory_ceiling_requested,config,mode,sample_representation,info_representation,header_representation,rdf_storage_mode,hdt_strategy,representations,rdf_compression,artifact_compression,vcf_version_requested,spark_partitions,validation_engine,chunk_target_bytes,chunk_min_bytes,chunk_max_bytes,input,validate_requested,run_metrics_dir,output_triples,wall_seconds_java,user_seconds_java,sys_seconds_java,max_rss_kb_java,input_vcf_size_bytes,output_dir_size_bytes,exit_code_java,metrics_rows,tool_status,triples_per_second,seconds_per_mtriple,triples_per_input_byte,peak_host_workspace_ratio,bytes_per_triple,combined_rdf_size_bytes,peak_volume_workspace_bytes,peak_volume_workspace_source,chunk_stream_seconds,chunk_count,chunk_input_bytes,build_max_rss_kb,build_seconds__hdt_chunk_build,build_stages__hdt_chunk_build,build_seconds__hdt_merge,build_stages__hdt_merge,build_seconds__hdt_index,build_stages__hdt_index,build_seconds__hdt_validate,build_stages__hdt_validate,merge_rounds__hdt
determinism__a,08_robustness,False,,0,42,2540929024,2733694976,d3b34d576958befd6e1fc3558c76e7c52aa0cd0d,,,full,,,,plain,,none,none,,,8,,,,,HG005_GRCh38_r100000.vcf.gz,False,out/run_metrics/HG005_GRCh38_r100000__20260924T140202,17098746,16.6,56.4,2.23,1368692,61290349,2733539045,0,1,success,1030044.9397590361,0.9708314282228652,0.278979419745187,41.457245152903276,159.87692758287653,,,,,,,,,,,,,,,,
determinism__b,08_robustness,False,,0,44,2381541376,2733690880,d3b34d576958befd6e1fc3558c76e7c52aa0cd0d,,,full,,,,plain,,none,none,,,8,,,,,HG005_GRCh38_r100000.vcf.gz,False,out/run_metrics/HG005_GRCh38_r100000__20260924T140244,17098746,15.73,53.06,2.38,1643488,61290349,2733539045,0,1,success,1087015.0031786396,0.9199505039726306,0.278979419745187,38.8567109643967,159.87668803314583,,,,,,,,,,,,,,,,
index__01_build,08_robustness,False,,0,431,285601792,209825792,d3b34d576958befd6e1fc3558c76e7c52aa0cd0d,,,full,,,,space-optimized,partitioned,hdt,none,,,8,,,,,HG005_GRCh38_r100000.vcf.gz,False,out/run_metrics/HG005_GRCh38_r100000__20260924T140436,17098746,15.96,54.85,2.33,1569764,61290349,75835050,0,1,success,1071350.0,0.9334017827974053,0.278979419745187,4.6598167029526945,12.271414055744206,75835050,647016629,build_profile_tree,17.745346393436193,6,2733539045,533132,265.36910872440785,6,22.94934624293819,5,6.768620473332703,1,24.513033576775342,1,3
index__02_reindex,08_robustness,False,,0,7,40960,65536,d3b34d576958befd6e1fc3558c76e7c52aa0cd0d,,,index,,,,,,,,,,,,,,,HG005_GRCh38_r100000.hdt,False,out/run_metrics/HG005_GRCh38_r100000__20260924T141148,,,,,,,,,,success,,,,,,,,,,,,,,,,,,,,,
mutation_score,08_robustness,False,,0,,,,d3b34d576958befd6e1fc3558c76e7c52aa0cd0d,,,,,,,,,,,,,,,,,,,False,,,,,,,,,,,,,,,,,,,,,,,,,,,,,,,,
mutation_score__shacl_full,08_robustness,False,,0,,,,d3b34d576958befd6e1fc3558c76e7c52aa0cd0d,,,,,,,,,,,,,,,,,,,False,,,,,,,,,,,,,,,,,,,,,,,,,,,,,,,,
roundtrip__01_convert,08_robustness,False,,0,42,2515763200,2733690880,d3b34d576958befd6e1fc3558c76e7c52aa0cd0d,,,full,,,,plain,,none,none,,,8,,,,,HG005_GRCh38_r100000.vcf.gz,False,out/run_metrics/HG005_GRCh38_r100000__20260924T135421,17098746,15.98,54.89,2.49,1650924,61290349,2733539045,0,1,success,1070009.1364205256,0.9345714592169508,0.278979419745187,41.04664504357774,159.87668803314583,,,,,,,,,,,,,,,,
roundtrip__02_compress,08_robustness,False,,0,342,298758144,298815488,d3b34d576958befd6e1fc3558c76e7c52aa0cd0d,,,compress,,,,,partitioned,hdt,gzip,none,,,,,,,HG005_GRCh38_r100000.nt,False,out/run_metrics/HG005_GRCh38_r100000__20260924T135503,,,,,,,,,1,success,,,,,,2733539045,647016629,build_profile_tree,10.766791582573205,6,2733539045,533392,260.3748368672095,6,22.253362135961652,5,6.8470528377220035,1,25.11409439565614,1,3
roundtrip__03_decompress,08_robustness,False,,0,5,2733592576,2733613056,d3b34d576958befd6e1fc3558c76e7c52aa0cd0d,,,decompress,,,,,,,,,,,,,,,HG005_GRCh38_r100000.nt.gz,False,out/run_metrics/HG005_GRCh38_r100000__20260924T140046,,,,,,,,,,success,,,,,,,,,,,,,,,,,,,,,
